Feature,Coefficient,Absolute_Coefficient
num__Pressure3pm,-1.3653062535840694,1.3653062535840694
num__Humidity3pm,1.1774941908287448,1.1774941908287448
num__Pressure9am,0.9623095286660868,0.9623095286660868
cat__Location_Townsville,-0.8260970169458223,0.8260970169458223
cat__Location_MountGinini,-0.8153398171297079,0.8153398171297079
cat__Location_Darwin,-0.8052108824679403,0.8052108824679403
cat__Location_Wollongong,-0.7093901399313622,0.7093901399313622
num__WindGustSpeed,0.7036241292337749,0.7036241292337749
cat__Location_Adelaide,0.6550079568083593,0.6550079568083593
cat__Location_Perth,0.5403742002592424,0.5403742002592424
cat__Location_Witchcliffe,0.5380205305538445,0.5380205305538445
cat__Location_Hobart,-0.5289931507654615,0.5289931507654615
cat__Location_Albury,0.518525044987897,0.518525044987897
cat__Location_SalmonGums,0.49196561538276834,0.49196561538276834
cat__Location_NorahHead,-0.4908374995278077,0.4908374995278077
cat__Location_MelbourneAirport,-0.4682387664744966,0.4682387664744966
cat__Location_Katherine,-0.46361250175805513,0.46361250175805513
cat__Location_Penrith,0.4428690747610763,0.4428690747610763
num__MaxTemp,-0.4314735457619121,0.4314735457619121
cat__Location_Brisbane,0.3846814610347087,0.3846814610347087
cat__Location_Williamtown,0.38440451699580097,0.38440451699580097
cat__Location_PerthAirport,0.37490402551786545,0.37490402551786545
cat__RainToday_No,-0.37151172123687703,0.37151172123687703
cat__Location_PearceRAAF,0.3629969609365951,0.3629969609365951
cat__Location_Tuggeranong,0.35781347561187515,0.35781347561187515
cat__WindDir3pm_NNW,0.3398926439929996,0.3398926439929996
cat__Location_Cobar,0.33900237919776083,0.33900237919776083
cat__Location_GoldCoast,-0.33590899768346305,0.33590899768346305
num__Sunshine,-0.3082580103653701,0.3082580103653701
cat__Location_NorfolkIsland,-0.30763251025812044,0.30763251025812044
cat__WindDir3pm_NW,0.30749421340436733,0.30749421340436733
cat__Location_WaggaWagga,0.2994657527506387,0.2994657527506387
cat__WindDir9am_S,-0.29473413085936284,0.29473413085936284
cat__WindDir9am_SSE,-0.289822347886979,0.289822347886979
cat__Location_Ballarat,-0.28588341578481274,0.28588341578481274
num__Cloud3pm,0.2812132322151266,0.2812132322151266
cat__Location_Sale,-0.2724547175411043,0.2724547175411043
cat__WindDir9am_NNE,0.25645300740888016,0.25645300740888016
cat__WindDir3pm_SW,-0.2512294651747585,0.2512294651747585
cat__WindDir9am_ESE,-0.2377757088308464,0.2377757088308464
cat__WindDir9am_SE,-0.23243864952897686,0.23243864952897686
num__Temp3pm,0.22977438828600052,0.22977438828600052
cat__Location_Woomera,-0.22449193045185867,0.22449193045185867
cat__WindDir3pm_N,0.223184450600421,0.223184450600421
cat__Location_Watsonia,-0.21975425157890777,0.21975425157890777
cat__WindGustDir_NNE,-0.21767753223572808,0.21767753223572808
cat__Location_Bendigo,0.2144664531935566,0.2144664531935566
cat__WindGustDir_NE,-0.2102132114467273,0.2102132114467273
cat__WindDir3pm_NE,-0.2047150975625443,0.2047150975625443
cat__WindDir3pm_SSE,-0.1997738432722622,0.1997738432722622
cat__Location_BadgerysCreek,0.1996863935621479,0.1996863935621479
cat__Location_Launceston,-0.18653042188300972,0.18653042188300972
cat__Location_SydneyAirport,-0.18559496562629277,0.18559496562629277
num__Temp9am,0.17381353740059766,0.17381353740059766
cat__Location_Richmond,0.17192843761334106,0.17192843761334106
cat__Location_Canberra,0.17144965149632407,0.17144965149632407
num__WindSpeed3pm,-0.1616360660282541,0.1616360660282541
num__MinTemp,0.15666574801069452,0.15666574801069452
cat__WindDir9am_E,-0.15569739897915236,0.15569739897915236
cat__WindDir9am_NE,0.1509462086442527,0.1509462086442527
cat__WindDir3pm_WSW,-0.14860199883317196,0.14860199883317196
cat__Location_Walpole,0.14104511854163015,0.14104511854163015
cat__WindDir3pm_ESE,-0.13076685494316445,0.13076685494316445
cat__WindDir3pm_E,-0.12931879118775894,0.12931879118775894
cat__Location_Cairns,-0.12575168503066977,0.12575168503066977
cat__Location_Dartmoor,0.12172532091845273,0.12172532091845273
cat__Location_AliceSprings,-0.11890698008614765,0.11890698008614765
cat__WindDir9am_WNW,0.1177398631880365,0.1177398631880365
num__Humidity9am,0.10037175249584175,0.10037175249584175
cat__WindDir3pm_W,-0.09990020296699716,0.09990020296699716
cat__WindDir3pm_SSW,-0.09922978183107829,0.09922978183107829
cat__WindGustDir_S,0.09673578529749188,0.09673578529749188
cat__Location_Sydney,0.09603939402185516,0.09603939402185516
cat__WindDir3pm_WNW,0.09566587686729873,0.09566587686729873
num__Rainfall,0.09486126136487726,0.09486126136487726
cat__WindDir9am_ENE,0.08583827948362083,0.08583827948362083
cat__WindGustDir_WNW,-0.0792867565283645,0.0792867565283645
cat__WindDir9am_NW,0.0792438606640216,0.0792438606640216
cat__WindDir9am_W,0.07543567847963666,0.07543567847963666
cat__WindGustDir_ENE,-0.07439315816931451,0.07439315816931451
cat__WindDir9am_WSW,0.0697738518322996,0.0697738518322996
cat__WindDir9am_N,0.06690890814619006,0.06690890814619006
cat__RainToday_Yes,0.06342087657251978,0.06342087657251978
cat__WindDir9am_SSW,-0.06182054553943284,0.06182054553943284
cat__WindGustDir_E,-0.058964035546913464,0.058964035546913464
cat__WindDir3pm_S,-0.0572631323412735,0.0572631323412735
cat__Location_Moree,0.05684216944547378,0.05684216944547378
cat__WindGustDir_W,0.05310788606996592,0.05310788606996592
cat__WindGustDir_NNW,0.052403430673789095,0.052403430673789095
cat__WindDir9am_SW,0.0504785721348827,0.0504785721348827
cat__Location_MountGambier,0.04554921711043465,0.04554921711043465
cat__WindDir3pm_NNE,0.04296162537042146,0.04296162537042146
cat__Location_Newcastle,0.04208352755773164,0.04208352755773164
cat__WindDir3pm_SE,0.041048265070513366,0.041048265070513366
cat__WindDir3pm_ENE,-0.03753875185857982,0.03753875185857982
cat__WindGustDir_SW,0.03661177332424821,0.03661177332424821
cat__WindGustDir_SSE,0.03211287493237534,0.03211287493237534
cat__Location_Uluru,0.03209686824688681,0.03209686824688681
cat__Location_Albany,0.03177062143986129,0.03177062143986129
cat__Location_Portland,0.030714445952597497,0.030714445952597497
cat__WindGustDir_ESE,0.029725609458986474,0.029725609458986474
cat__WindGustDir_WSW,-0.02824230204745337,0.02824230204745337
cat__WindGustDir_SE,0.024404142393730247,0.024404142393730247
num__Cloud9am,0.022510347081401944,0.022510347081401944
cat__Location_CoffsHarbour,-0.01973422051547662,0.01973422051547662
cat__WindGustDir_NW,0.01941110290163165,0.01941110290163165
cat__Location_Melbourne,0.01917071444486316,0.01917071444486316
num__WindSpeed9am,-0.018701764048533423,0.018701764048533423
cat__Location_Nuriootpa,0.017185000487227077,0.017185000487227077
cat__WindGustDir_N,0.01644768766514155,0.01644768766514155
cat__WindDir9am_NNW,0.011379706977077122,0.011379706977077122
num__Evaporation,-0.0023619465440848364,0.0023619465440848364
cat__Location_Mildura,0.0007863016323989241,0.0007863016323989241
cat__Location_Nhil,-0.00029760368829495707,0.00029760368829495707
cat__WindGustDir_SSW,-0.00027414140857837186,0.00027414140857837186
